{"cameraMode":{"drawMode":0,"name":"Shaded","section":"Shading Mode"},"sceneLighting":true,"audioPlay":false,"sceneViewState":{"m_AlwaysRefresh":false,"showFog":true,"showSkybox":true,"showFlares":true,"showImageEffects":true,"showParticleSystems":true,"showVisualEffectGraphs":true,"m_FxEnabled":true},"in2DMode":false,"pivot":{"x":15.782103538513184,"y":10.334646224975586,"z":1.750101089477539},"rotation":{"x":0.04305500537157059,"y":0.943885087966919,"z":-0.14035096764564515,"w":0.2965972125530243},"size":3.2320504188537599,"orthographic":false}