{"cameraMode":{"drawMode":0,"name":"Shaded","section":"Shading Mode"},"sceneLighting":true,"audioPlay":false,"sceneViewState":{"m_AlwaysRefresh":false,"showFog":true,"showSkybox":true,"showFlares":true,"showImageEffects":true,"showParticleSystems":true,"showVisualEffectGraphs":true,"m_FxEnabled":true},"in2DMode":false,"pivot":{"x":20.622047424316408,"y":-34.267784118652347,"z":-14.365753173828125},"rotation":{"x":-0.2363765984773636,"y":0.6823703050613403,"z":-0.25009778141975405,"w":-0.6449317336082459},"size":27.609594345092775,"orthographic":false}